timestamp,phase,global_score,defense_activated,reason
2026-04-13T22:48:24Z,normal,0.0878539551851016,False,
2026-04-13T22:48:26Z,normal,0.0878539551851016,False,
2026-04-13T22:48:28Z,normal,0.0878539551851016,False,
2026-04-13T22:48:30Z,normal,0.0878539551851016,False,
2026-04-13T22:48:33Z,normal,0.0878539551851016,False,
2026-04-13T22:48:35Z,normal,0.0878539551851016,False,
2026-04-13T22:48:37Z,normal,0.0878539551851016,False,
2026-04-13T22:48:39Z,normal,0.0878539551851016,False,
2026-04-13T22:48:41Z,normal,0.0878539551851016,False,
2026-04-13T22:48:43Z,normal,0.06791640879348285,False,
2026-04-13T22:48:45Z,normal,0.06791640879348285,False,
2026-04-13T22:48:47Z,normal,0.06791640879348285,False,
2026-04-13T22:48:49Z,normal,0.06791640879348285,False,
2026-04-13T22:48:51Z,normal,0.06791640879348285,False,
2026-04-13T22:48:53Z,normal,0.593852679732358,False,
2026-04-13T22:48:55Z,normal,0.593852679732358,False,
2026-04-13T22:48:57Z,normal,0.593852679732358,False,
2026-04-13T22:48:59Z,normal,0.593852679732358,False,
2026-04-13T22:49:02Z,normal,0.593852679732358,False,
2026-04-13T22:49:04Z,normal,0.3459557420879492,False,
2026-04-13T22:49:06Z,normal,0.3459557420879492,False,
2026-04-13T22:49:08Z,normal,0.3459557420879492,False,
2026-04-13T22:49:10Z,normal,0.3459557420879492,False,
2026-04-13T22:49:12Z,normal,0.2838708486202285,False,
2026-04-13T22:49:14Z,normal,0.2838708486202285,False,
2026-04-13T22:49:16Z,normal,0.2838708486202285,False,
2026-04-13T22:49:18Z,normal,0.2838708486202285,False,
2026-04-13T22:49:20Z,normal,0.2838708486202285,False,
2026-04-13T22:49:22Z,normal,0.2180157797466444,False,
2026-04-13T22:49:24Z,normal,0.2180157797466444,False,
2026-04-13T22:49:26Z,normal,0.2180157797466444,False,
2026-04-13T22:49:29Z,normal,0.2180157797466444,False,
2026-04-13T22:49:31Z,normal,0.2180157797466444,False,
2026-04-13T22:49:33Z,normal,0.2156759384915279,False,
2026-04-13T22:49:35Z,normal,0.2156759384915279,False,
2026-04-13T22:49:37Z,normal,0.2156759384915279,False,
2026-04-13T22:49:39Z,normal,0.2156759384915279,False,
2026-04-13T22:50:02Z,attack,0.9069565218453002,True,majority_nodes_under_attack
2026-04-13T22:50:04Z,attack,0.9069565218453002,True,majority_nodes_under_attack
2026-04-13T22:50:06Z,attack,0.9069565218453002,True,majority_nodes_under_attack
2026-04-13T22:50:08Z,attack,0.9069565218453002,True,majority_nodes_under_attack
2026-04-13T22:50:10Z,attack,0.9069565218453002,True,majority_nodes_under_attack
2026-04-13T22:50:12Z,attack,0.8890056059194121,True,majority_nodes_under_attack
2026-04-13T22:50:13Z,attack,0.8890056059194121,True,majority_nodes_under_attack
2026-04-13T22:50:15Z,attack,0.8890056059194121,True,majority_nodes_under_attack
2026-04-13T22:50:15Z,attack,0.8890056059194121,True,majority_nodes_under_attack
2026-04-13T22:50:17Z,attack,0.8890056059194121,True,majority_nodes_under_attack
2026-04-13T22:50:17Z,attack,0.8890056059194121,True,majority_nodes_under_attack
2026-04-13T22:50:19Z,attack,0.8890056059194121,True,majority_nodes_under_attack
2026-04-13T22:50:19Z,attack,0.8890056059194121,True,majority_nodes_under_attack
2026-04-13T22:50:21Z,attack,0.8890056059194121,True,majority_nodes_under_attack
2026-04-13T22:50:21Z,attack,0.8890056059194121,True,majority_nodes_under_attack
2026-04-13T22:50:23Z,attack,0.7544151972032425,True,majority_nodes_under_attack
2026-04-13T22:50:23Z,attack,0.7544151972032425,True,majority_nodes_under_attack
2026-04-13T22:50:25Z,attack,0.7544151972032425,True,majority_nodes_under_attack
2026-04-13T22:50:25Z,attack,0.7544151972032425,True,majority_nodes_under_attack
2026-04-13T22:50:27Z,attack,0.7544151972032425,True,majority_nodes_under_attack
2026-04-13T22:50:27Z,attack,0.7544151972032425,True,majority_nodes_under_attack
2026-04-13T22:50:29Z,attack,0.7544151972032425,True,majority_nodes_under_attack
2026-04-13T22:50:30Z,attack,0.7544151972032425,True,majority_nodes_under_attack
2026-04-13T22:50:31Z,attack,0.7544151972032425,True,majority_nodes_under_attack
2026-04-13T22:50:32Z,attack,0.7544151972032425,True,majority_nodes_under_attack
2026-04-13T22:50:33Z,attack,0.899986567356417,True,majority_nodes_under_attack
2026-04-13T22:50:34Z,attack,0.899986567356417,True,majority_nodes_under_attack
2026-04-13T22:50:35Z,attack,0.899986567356417,True,majority_nodes_under_attack
2026-04-13T22:50:36Z,attack,0.899986567356417,True,majority_nodes_under_attack
2026-04-13T22:50:37Z,attack,0.899986567356417,True,majority_nodes_under_attack
2026-04-13T22:50:38Z,attack,0.899986567356417,True,majority_nodes_under_attack
2026-04-13T22:50:39Z,attack,0.899986567356417,True,majority_nodes_under_attack
2026-04-13T22:50:40Z,attack,0.899986567356417,True,majority_nodes_under_attack
2026-04-13T22:50:42Z,attack,0.899986567356417,True,majority_nodes_under_attack
2026-04-13T22:50:42Z,attack,0.8824509884633778,True,majority_nodes_under_attack
2026-04-13T22:50:44Z,attack,0.8824509884633778,True,majority_nodes_under_attack
2026-04-13T22:50:44Z,attack,0.8824509884633778,True,majority_nodes_under_attack
2026-04-13T22:50:46Z,attack,0.8824509884633778,True,majority_nodes_under_attack
2026-04-13T22:50:46Z,attack,0.8824509884633778,True,majority_nodes_under_attack
2026-04-13T22:50:48Z,attack,0.8824509884633778,True,majority_nodes_under_attack
2026-04-13T22:50:48Z,attack,0.8824509884633778,True,majority_nodes_under_attack
2026-04-13T22:50:50Z,attack,0.8824509884633778,True,majority_nodes_under_attack
2026-04-13T22:50:50Z,attack,0.8824509884633778,True,majority_nodes_under_attack
2026-04-13T22:50:52Z,attack,0.8629222495092566,True,majority_nodes_under_attack
2026-04-13T22:50:52Z,attack,0.8629222495092566,True,majority_nodes_under_attack
2026-04-13T22:50:54Z,attack,0.8629222495092566,True,majority_nodes_under_attack
2026-04-13T22:50:54Z,attack,0.8629222495092566,True,majority_nodes_under_attack
2026-04-13T22:50:56Z,attack,0.8629222495092566,True,majority_nodes_under_attack
2026-04-13T22:50:57Z,attack,0.8629222495092566,True,majority_nodes_under_attack
2026-04-13T22:50:58Z,attack,0.8629222495092566,True,majority_nodes_under_attack
2026-04-13T22:50:59Z,attack,0.8629222495092566,True,majority_nodes_under_attack
2026-04-13T22:51:00Z,attack,0.8629222495092566,True,majority_nodes_under_attack
2026-04-13T22:51:01Z,attack,0.8629222495092566,True,majority_nodes_under_attack
2026-04-13T22:51:02Z,attack,0.7879712017197242,True,majority_nodes_under_attack
2026-04-13T22:51:02Z,attack,0.7879712017197242,True,majority_nodes_under_attack
2026-04-13T22:51:03Z,attack,0.7879712017197242,True,majority_nodes_under_attack
2026-04-13T22:51:04Z,attack,0.7879712017197242,True,majority_nodes_under_attack
2026-04-13T22:51:04Z,attack,0.7879712017197242,True,majority_nodes_under_attack
2026-04-13T22:51:05Z,attack,0.7879712017197242,True,majority_nodes_under_attack
2026-04-13T22:51:06Z,attack,0.7879712017197242,True,majority_nodes_under_attack
2026-04-13T22:51:06Z,attack,0.7879712017197242,True,majority_nodes_under_attack
2026-04-13T22:51:07Z,attack,0.7879712017197242,True,majority_nodes_under_attack
2026-04-13T22:51:08Z,attack,0.7879712017197242,True,majority_nodes_under_attack
2026-04-13T22:51:09Z,attack,0.7879712017197242,True,majority_nodes_under_attack
2026-04-13T22:51:09Z,attack,0.7879712017197242,True,majority_nodes_under_attack
2026-04-13T22:51:11Z,attack,0.7879712017197242,True,majority_nodes_under_attack
2026-04-13T22:51:11Z,attack,0.7879712017197242,True,majority_nodes_under_attack
2026-04-13T22:51:11Z,attack,0.7879712017197242,True,majority_nodes_under_attack
2026-04-13T22:51:13Z,attack,0.7460420222605546,True,majority_nodes_under_attack
2026-04-13T22:51:13Z,attack,0.7460420222605546,True,majority_nodes_under_attack
2026-04-13T22:51:13Z,attack,0.7460420222605546,True,majority_nodes_under_attack
2026-04-13T22:51:15Z,attack,0.7460420222605546,True,majority_nodes_under_attack
2026-04-13T22:51:15Z,attack,0.7460420222605546,True,majority_nodes_under_attack
2026-04-13T22:51:15Z,attack,0.7460420222605546,True,majority_nodes_under_attack
2026-04-13T22:51:17Z,attack,0.7460420222605546,True,majority_nodes_under_attack
2026-04-13T22:51:17Z,attack,0.7460420222605546,True,majority_nodes_under_attack
2026-04-13T22:51:17Z,attack,0.7460420222605546,True,majority_nodes_under_attack
2026-04-13T22:51:19Z,attack,0.7460420222605546,True,majority_nodes_under_attack
2026-04-13T22:51:19Z,attack,0.7460420222605546,True,majority_nodes_under_attack
2026-04-13T22:51:19Z,attack,0.7460420222605546,True,majority_nodes_under_attack
2026-04-13T22:51:21Z,attack,0.7460420222605546,True,majority_nodes_under_attack
2026-04-13T22:51:21Z,attack,0.7460420222605546,True,majority_nodes_under_attack
2026-04-13T22:51:21Z,attack,0.7460420222605546,True,majority_nodes_under_attack
2026-04-13T22:51:23Z,attack,0.8772387869098714,True,majority_nodes_under_attack
2026-04-13T22:51:23Z,attack,0.8772387869098714,True,majority_nodes_under_attack
2026-04-13T22:51:23Z,attack,0.8772387869098714,True,majority_nodes_under_attack
2026-04-13T22:51:25Z,attack,0.8772387869098714,True,majority_nodes_under_attack
2026-04-13T22:51:25Z,attack,0.8772387869098714,True,majority_nodes_under_attack
2026-04-13T22:51:26Z,attack,0.8772387869098714,True,majority_nodes_under_attack
2026-04-13T22:51:27Z,attack,0.8772387869098714,True,majority_nodes_under_attack
2026-04-13T22:51:27Z,attack,0.8772387869098714,True,majority_nodes_under_attack
2026-04-13T22:51:28Z,attack,0.8772387869098714,True,majority_nodes_under_attack
2026-04-13T22:51:29Z,attack,0.8772387869098714,True,majority_nodes_under_attack
2026-04-13T22:51:29Z,attack,0.8772387869098714,True,majority_nodes_under_attack
2026-04-13T22:51:30Z,attack,0.8772387869098714,True,majority_nodes_under_attack
2026-04-13T22:51:31Z,attack,0.8772387869098714,True,majority_nodes_under_attack
2026-04-13T22:51:31Z,attack,0.8772387869098714,True,majority_nodes_under_attack
2026-04-13T22:51:32Z,attack,0.8772387869098714,True,majority_nodes_under_attack
2026-04-13T22:51:33Z,attack,0.871179051903533,True,majority_nodes_under_attack
2026-04-13T22:51:33Z,attack,0.871179051903533,True,majority_nodes_under_attack
2026-04-13T22:51:34Z,attack,0.871179051903533,True,majority_nodes_under_attack
2026-04-13T22:51:35Z,attack,0.871179051903533,True,majority_nodes_under_attack
2026-04-13T22:51:36Z,attack,0.871179051903533,True,majority_nodes_under_attack
2026-04-13T22:51:36Z,attack,0.871179051903533,True,majority_nodes_under_attack
2026-04-13T22:51:38Z,attack,0.871179051903533,True,majority_nodes_under_attack
2026-04-13T22:51:38Z,attack,0.871179051903533,True,majority_nodes_under_attack
2026-04-13T22:51:38Z,attack,0.871179051903533,True,majority_nodes_under_attack
2026-04-13T22:51:40Z,attack,0.871179051903533,True,majority_nodes_under_attack
2026-04-13T22:51:40Z,attack,0.871179051903533,True,majority_nodes_under_attack
2026-04-13T22:51:40Z,attack,0.871179051903533,True,majority_nodes_under_attack
2026-04-13T22:51:42Z,attack,0.871179051903533,True,majority_nodes_under_attack
2026-04-13T22:51:42Z,attack,0.871179051903533,True,majority_nodes_under_attack
2026-04-13T22:51:42Z,attack,0.8558208329702544,True,majority_nodes_under_attack
2026-04-13T22:51:44Z,attack,0.8558208329702544,True,majority_nodes_under_attack
2026-04-13T22:51:44Z,attack,0.8558208329702544,True,majority_nodes_under_attack
2026-04-13T22:51:44Z,attack,0.8558208329702544,True,majority_nodes_under_attack
2026-04-13T22:51:46Z,attack,0.8558208329702544,True,majority_nodes_under_attack
2026-04-13T22:51:46Z,attack,0.8558208329702544,True,majority_nodes_under_attack
2026-04-13T22:51:46Z,attack,0.8558208329702544,True,majority_nodes_under_attack
2026-04-13T22:51:48Z,attack,0.8558208329702544,True,majority_nodes_under_attack
2026-04-13T22:51:48Z,attack,0.8558208329702544,True,majority_nodes_under_attack
2026-04-13T22:51:50Z,attack,0.8558208329702544,True,majority_nodes_under_attack
2026-04-13T22:51:50Z,attack,0.8558208329702544,True,majority_nodes_under_attack
2026-04-13T22:51:52Z,attack,0.7905767381000183,True,majority_nodes_under_attack
2026-04-13T22:51:53Z,attack,0.7905767381000183,True,majority_nodes_under_attack
2026-04-13T22:51:54Z,attack,0.7905767381000183,True,majority_nodes_under_attack
2026-04-13T22:51:55Z,attack,0.7905767381000183,True,majority_nodes_under_attack
2026-04-13T22:51:56Z,attack,0.7905767381000183,True,majority_nodes_under_attack
2026-04-13T22:51:57Z,attack,0.7905767381000183,True,majority_nodes_under_attack
2026-04-13T22:51:58Z,attack,0.7905767381000183,True,majority_nodes_under_attack
2026-04-13T22:51:59Z,attack,0.7905767381000183,True,majority_nodes_under_attack
2026-04-13T22:51:59Z,recovery,0.7905767381000183,True,majority_nodes_under_attack
2026-04-13T22:52:00Z,attack,0.7905767381000183,True,majority_nodes_under_attack
2026-04-13T22:52:01Z,attack,0.7905767381000183,True,majority_nodes_under_attack
2026-04-13T22:52:01Z,recovery,0.7905767381000183,True,majority_nodes_under_attack
2026-04-13T22:52:03Z,attack,0.24069214746691767,False,
2026-04-13T22:52:03Z,attack,0.24069214746691767,False,
2026-04-13T22:52:03Z,recovery,0.24069214746691767,False,
2026-04-13T22:52:05Z,attack,0.24069214746691767,False,
2026-04-13T22:52:05Z,attack,0.24069214746691767,False,
2026-04-13T22:52:05Z,recovery,0.24069214746691767,False,
2026-04-13T22:52:07Z,attack,0.24069214746691767,False,
2026-04-13T22:52:07Z,attack,0.24069214746691767,False,
2026-04-13T22:52:09Z,attack,0.24069214746691767,False,
2026-04-13T22:52:09Z,attack,0.24069214746691767,False,
2026-04-13T22:52:11Z,attack,0.24069214746691767,False,
2026-04-13T22:52:11Z,attack,0.24069214746691767,False,
2026-04-13T22:52:13Z,attack,0.22896220324470065,False,
2026-04-13T22:52:13Z,attack,0.22896220324470065,False,
2026-04-13T22:52:14Z,recovery,0.22896220324470065,False,
2026-04-13T22:52:15Z,attack,0.22896220324470065,False,
2026-04-13T22:52:15Z,attack,0.22896220324470065,False,
2026-04-13T22:52:16Z,recovery,0.22896220324470065,False,
2026-04-13T22:52:17Z,attack,0.22896220324470065,False,
2026-04-13T22:52:17Z,attack,0.22896220324470065,False,
2026-04-13T22:52:19Z,recovery,0.22896220324470065,False,
2026-04-13T22:52:19Z,attack,0.22896220324470065,False,
2026-04-13T22:52:20Z,attack,0.22896220324470065,False,
2026-04-13T22:52:21Z,recovery,0.22896220324470065,False,
2026-04-13T22:52:21Z,attack,0.22896220324470065,False,
2026-04-13T22:52:22Z,attack,0.22896220324470065,False,
2026-04-13T22:52:23Z,recovery,0.22773154464056006,False,
2026-04-13T22:52:23Z,attack,0.22773154464056006,False,
2026-04-13T22:52:24Z,attack,0.22773154464056006,False,
2026-04-13T22:52:25Z,recovery,0.22773154464056006,False,
2026-04-13T22:52:25Z,attack,0.22773154464056006,False,
2026-04-13T22:52:26Z,attack,0.22773154464056006,False,
2026-04-13T22:52:27Z,recovery,0.22773154464056006,False,
2026-04-13T22:52:27Z,attack,0.22773154464056006,False,
2026-04-13T22:52:28Z,attack,0.22773154464056006,False,
2026-04-13T22:52:29Z,recovery,0.22773154464056006,False,
2026-04-13T22:52:29Z,attack,0.22773154464056006,False,
2026-04-13T22:52:30Z,attack,0.22773154464056006,False,
2026-04-13T22:52:31Z,recovery,0.22773154464056006,False,
2026-04-13T22:52:32Z,attack,0.22773154464056006,False,
2026-04-13T22:52:32Z,attack,0.2404343230404492,False,
2026-04-13T22:52:33Z,recovery,0.2404343230404492,False,
2026-04-13T22:52:34Z,attack,0.2404343230404492,False,
2026-04-13T22:52:34Z,attack,0.2404343230404492,False,
2026-04-13T22:52:35Z,recovery,0.2404343230404492,False,
2026-04-13T22:52:36Z,attack,0.2404343230404492,False,
2026-04-13T22:52:36Z,attack,0.2404343230404492,False,
2026-04-13T22:52:37Z,recovery,0.2404343230404492,False,
2026-04-13T22:52:38Z,attack,0.2404343230404492,False,
2026-04-13T22:52:38Z,attack,0.2404343230404492,False,
2026-04-13T22:52:39Z,recovery,0.2404343230404492,False,
2026-04-13T22:52:40Z,attack,0.2404343230404492,False,
2026-04-13T22:52:40Z,attack,0.2404343230404492,False,
2026-04-13T22:52:41Z,recovery,0.2404343230404492,False,
2026-04-13T22:52:42Z,attack,0.12871067488541185,False,
2026-04-13T22:52:42Z,attack,0.12871067488541185,False,
2026-04-13T22:52:43Z,recovery,0.12871067488541185,False,
2026-04-13T22:52:44Z,attack,0.12871067488541185,False,
2026-04-13T22:52:44Z,attack,0.12871067488541185,False,
2026-04-13T22:52:45Z,recovery,0.12871067488541185,False,
2026-04-13T22:52:46Z,attack,0.12871067488541185,False,
2026-04-13T22:52:46Z,attack,0.12871067488541185,False,
2026-04-13T22:52:48Z,recovery,0.12871067488541185,False,
2026-04-13T22:52:48Z,attack,0.12871067488541185,False,
2026-04-13T22:52:49Z,attack,0.12871067488541185,False,
2026-04-13T22:52:50Z,recovery,0.12871067488541185,False,
2026-04-13T22:52:50Z,attack,0.12871067488541185,False,
2026-04-13T22:52:51Z,attack,0.12871067488541185,False,
2026-04-13T22:52:52Z,recovery,0.12871067488541185,False,
2026-04-13T22:52:52Z,attack,0.20208026429587725,False,
2026-04-13T22:52:53Z,attack,0.20208026429587725,False,
2026-04-13T22:52:54Z,recovery,0.20208026429587725,False,
2026-04-13T22:52:54Z,attack,0.20208026429587725,False,
2026-04-13T22:52:55Z,attack,0.20208026429587725,False,
2026-04-13T22:52:56Z,attack,0.20208026429587725,False,
2026-04-13T22:52:57Z,attack,0.20208026429587725,False,
2026-04-13T22:52:59Z,attack,0.20208026429587725,False,
2026-04-13T22:52:59Z,attack,0.20208026429587725,False,
2026-04-13T22:53:01Z,attack,0.20208026429587725,False,
2026-04-13T22:53:01Z,attack,0.20208026429587725,False,
2026-04-13T22:53:03Z,attack,0.26159718853823133,False,
2026-04-13T22:53:03Z,attack,0.26159718853823133,False,
2026-04-13T22:53:05Z,attack,0.26159718853823133,False,
2026-04-13T22:53:05Z,attack,0.26159718853823133,False,
2026-04-13T22:53:07Z,attack,0.26159718853823133,False,
2026-04-13T22:53:07Z,attack,0.26159718853823133,False,
2026-04-13T22:53:09Z,attack,0.26159718853823133,False,
2026-04-13T22:53:09Z,attack,0.26159718853823133,False,
2026-04-13T22:53:11Z,attack,0.26159718853823133,False,
2026-04-13T22:53:11Z,attack,0.26159718853823133,False,
2026-04-13T22:53:13Z,attack,0.20638799892413834,False,
2026-04-13T22:53:13Z,attack,0.20638799892413834,False,
2026-04-13T22:53:15Z,attack,0.20638799892413834,False,
2026-04-13T22:53:16Z,attack,0.20638799892413834,False,
2026-04-13T22:53:17Z,attack,0.20638799892413834,False,
2026-04-13T22:53:18Z,attack,0.20638799892413834,False,
2026-04-13T22:53:19Z,attack,0.20638799892413834,False,
2026-04-13T22:53:20Z,attack,0.20638799892413834,False,
2026-04-13T22:53:21Z,attack,0.20638799892413834,False,
2026-04-13T22:53:22Z,attack,0.20638799892413834,False,
2026-04-13T22:53:23Z,attack,0.20432796737475847,False,
2026-04-13T22:53:24Z,attack,0.20432796737475847,False,
2026-04-13T22:53:26Z,attack,0.20432796737475847,False,
2026-04-13T22:53:26Z,attack,0.20432796737475847,False,
2026-04-13T22:53:28Z,attack,0.20432796737475847,False,
2026-04-13T22:53:28Z,attack,0.20432796737475847,False,
2026-04-13T22:53:30Z,attack,0.20432796737475847,False,
2026-04-13T22:53:30Z,attack,0.20432796737475847,False,
2026-04-13T22:53:32Z,attack,0.20432796737475847,False,
2026-04-13T22:53:32Z,attack,0.2128847152056821,False,
2026-04-13T22:53:34Z,attack,0.2128847152056821,False,
2026-04-13T22:53:34Z,attack,0.2128847152056821,False,
2026-04-13T22:53:36Z,attack,0.2128847152056821,False,
2026-04-13T22:53:36Z,attack,0.2128847152056821,False,
2026-04-13T22:53:38Z,attack,0.2128847152056821,False,
2026-04-13T22:53:38Z,attack,0.2128847152056821,False,
2026-04-13T22:53:40Z,attack,0.2128847152056821,False,
2026-04-13T22:53:40Z,attack,0.2128847152056821,False,
2026-04-13T22:53:42Z,attack,0.2071587321885531,False,
2026-04-13T22:53:43Z,attack,0.2071587321885531,False,
2026-04-13T22:53:44Z,attack,0.2071587321885531,False,
2026-04-13T22:53:45Z,attack,0.2071587321885531,False,
2026-04-13T22:53:46Z,attack,0.2071587321885531,False,
2026-04-13T22:53:47Z,attack,0.2071587321885531,False,
2026-04-13T22:53:48Z,attack,0.2071587321885531,False,
2026-04-13T22:53:49Z,attack,0.2071587321885531,False,
2026-04-13T22:53:50Z,attack,0.2071587321885531,False,
2026-04-13T22:53:51Z,attack,0.2071587321885531,False,
2026-04-13T22:53:53Z,attack,0.21561414358826939,False,
2026-04-13T22:53:53Z,attack,0.21561414358826939,False,
2026-04-13T22:53:55Z,attack,0.21561414358826939,False,
2026-04-13T22:53:55Z,attack,0.21561414358826939,False,
2026-04-13T22:53:57Z,attack,0.21561414358826939,False,
2026-04-13T22:53:57Z,attack,0.21561414358826939,False,
2026-04-13T22:53:59Z,attack,0.21561414358826939,False,
2026-04-13T22:53:59Z,attack,0.21561414358826939,False,
2026-04-13T22:54:01Z,attack,0.21561414358826939,False,
2026-04-13T22:54:01Z,attack,0.21561414358826939,False,
2026-04-13T22:54:03Z,attack,0.2143356996058727,False,
2026-04-13T22:54:03Z,attack,0.2143356996058727,False,
2026-04-13T22:54:05Z,attack,0.2143356996058727,False,
2026-04-13T22:54:05Z,attack,0.2143356996058727,False,
2026-04-13T22:54:07Z,attack,0.2143356996058727,False,
2026-04-13T22:54:07Z,attack,0.2143356996058727,False,
2026-04-13T22:54:09Z,attack,0.2143356996058727,False,
2026-04-13T22:54:09Z,attack,0.2143356996058727,False,
2026-04-13T22:54:11Z,attack,0.2143356996058727,False,
2026-04-13T22:54:12Z,attack,0.2143356996058727,False,
2026-04-13T22:54:13Z,attack,0.18290046503105922,False,
2026-04-13T22:54:14Z,attack,0.18290046503105922,False,
2026-04-13T22:54:15Z,attack,0.18290046503105922,False,
2026-04-13T22:54:16Z,attack,0.18290046503105922,False,
2026-04-13T22:54:17Z,attack,0.18290046503105922,False,
2026-04-13T22:54:18Z,attack,0.18290046503105922,False,
2026-04-13T22:54:20Z,attack,0.18290046503105922,False,
2026-04-13T22:54:20Z,attack,0.18290046503105922,False,
2026-04-13T22:54:22Z,attack,0.18290046503105922,False,
2026-04-13T22:54:22Z,attack,0.10841647448543643,False,
2026-04-13T22:54:24Z,attack,0.10841647448543643,False,
2026-04-13T22:54:24Z,attack,0.10841647448543643,False,
2026-04-13T22:54:26Z,attack,0.10841647448543643,False,
2026-04-13T22:54:26Z,attack,0.10841647448543643,False,
2026-04-13T22:54:28Z,attack,0.10841647448543643,False,
2026-04-13T22:54:28Z,attack,0.10841647448543643,False,
2026-04-13T22:54:30Z,attack,0.10841647448543643,False,
2026-04-13T22:54:30Z,attack,0.10841647448543643,False,
2026-04-13T22:54:32Z,attack,0.09730074819413982,False,
2026-04-13T22:54:32Z,attack,0.09730074819413982,False,
2026-04-13T22:54:34Z,attack,0.09730074819413982,False,
2026-04-13T22:54:34Z,attack,0.09730074819413982,False,
2026-04-13T22:54:36Z,attack,0.09730074819413982,False,
2026-04-13T22:54:36Z,attack,0.09730074819413982,False,
2026-04-13T22:54:38Z,attack,0.09730074819413982,False,
2026-04-13T22:54:38Z,attack,0.09730074819413982,False,
2026-04-13T22:54:40Z,attack,0.09730074819413982,False,
2026-04-13T22:54:41Z,attack,0.09730074819413982,False,
2026-04-13T22:54:42Z,attack,0.22023483215969836,False,
2026-04-13T22:54:43Z,attack,0.22023483215969836,False,
2026-04-13T22:54:44Z,attack,0.22023483215969836,False,
2026-04-13T22:54:45Z,attack,0.22023483215969836,False,
2026-04-13T22:54:46Z,attack,0.22023483215969836,False,
2026-04-13T22:54:47Z,attack,0.22023483215969836,False,
2026-04-13T22:54:49Z,attack,0.22023483215969836,False,
2026-04-13T22:54:49Z,attack,0.22023483215969836,False,
2026-04-13T22:54:51Z,attack,0.22023483215969836,False,
2026-04-13T22:54:51Z,attack,0.22023483215969836,False,
2026-04-13T22:54:53Z,attack,0.21855186652085695,False,
2026-04-13T22:54:53Z,attack,0.21855186652085695,False,
2026-04-13T22:54:55Z,attack,0.21855186652085695,False,
2026-04-13T22:54:55Z,attack,0.21855186652085695,False,
2026-04-13T22:54:57Z,attack,0.21855186652085695,False,
2026-04-13T22:54:57Z,attack,0.21855186652085695,False,
2026-04-13T22:54:59Z,attack,0.21855186652085695,False,
2026-04-13T22:54:59Z,attack,0.21855186652085695,False,
2026-04-13T22:55:01Z,attack,0.21855186652085695,False,
2026-04-13T22:55:01Z,attack,0.21855186652085695,False,
2026-04-13T22:55:03Z,attack,0.20587530419848404,False,
2026-04-13T22:55:03Z,attack,0.20587530419848404,False,
2026-04-13T22:55:05Z,attack,0.20587530419848404,False,
2026-04-13T22:55:05Z,attack,0.20587530419848404,False,
2026-04-13T22:55:07Z,attack,0.20587530419848404,False,
2026-04-13T22:55:08Z,attack,0.20587530419848404,False,
2026-04-13T22:55:09Z,attack,0.20587530419848404,False,
2026-04-13T22:55:10Z,attack,0.20587530419848404,False,
2026-04-13T22:55:11Z,attack,0.20587530419848404,False,
2026-04-13T22:55:12Z,attack,0.20587530419848404,False,
2026-04-13T22:55:13Z,attack,0.1481998612174535,False,
2026-04-13T22:55:14Z,attack,0.1481998612174535,False,
2026-04-13T22:55:16Z,attack,0.1481998612174535,False,
2026-04-13T22:55:16Z,attack,0.1481998612174535,False,
2026-04-13T22:55:18Z,attack,0.1481998612174535,False,
2026-04-13T22:55:18Z,attack,0.1481998612174535,False,
2026-04-13T22:55:20Z,attack,0.1481998612174535,False,
2026-04-13T22:55:20Z,attack,0.1481998612174535,False,
2026-04-13T22:55:22Z,attack,0.1481998612174535,False,
2026-04-13T22:55:22Z,attack,0.0921032700873708,False,
2026-04-13T22:55:24Z,attack,0.0921032700873708,False,
2026-04-13T22:55:24Z,attack,0.0921032700873708,False,
2026-04-13T22:55:26Z,attack,0.0921032700873708,False,
2026-04-13T22:55:26Z,attack,0.0921032700873708,False,
2026-04-13T22:55:28Z,attack,0.0921032700873708,False,
2026-04-13T22:55:28Z,attack,0.0921032700873708,False,
2026-04-13T22:55:30Z,attack,0.0921032700873708,False,
2026-04-13T22:55:30Z,attack,0.0921032700873708,False,
2026-04-13T22:55:32Z,attack,0.07438288015089022,False,
2026-04-13T22:55:32Z,attack,0.07438288015089022,False,
2026-04-13T22:55:34Z,attack,0.07438288015089022,False,
2026-04-13T22:55:35Z,attack,0.07438288015089022,False,
2026-04-13T22:55:36Z,attack,0.07438288015089022,False,
2026-04-13T22:55:37Z,attack,0.07438288015089022,False,
2026-04-13T22:55:38Z,attack,0.07438288015089022,False,
2026-04-13T22:55:39Z,attack,0.07438288015089022,False,
2026-04-13T22:55:40Z,attack,0.07438288015089022,False,
2026-04-13T22:55:41Z,attack,0.07438288015089022,False,
2026-04-13T22:55:43Z,attack,0.21485881883785712,False,
2026-04-13T22:55:43Z,attack,0.21485881883785712,False,
2026-04-13T22:55:45Z,attack,0.21485881883785712,False,
2026-04-13T22:55:45Z,attack,0.21485881883785712,False,
2026-04-13T22:55:47Z,attack,0.21485881883785712,False,
2026-04-13T22:55:47Z,attack,0.21485881883785712,False,
2026-04-13T22:55:49Z,attack,0.21485881883785712,False,
2026-04-13T22:55:49Z,attack,0.21485881883785712,False,
2026-04-13T22:55:51Z,attack,0.21485881883785712,False,
2026-04-13T22:55:51Z,attack,0.21485881883785712,False,
2026-04-13T22:55:53Z,attack,0.20505305009352787,False,
2026-04-13T22:55:53Z,attack,0.20505305009352787,False,
2026-04-13T22:55:55Z,attack,0.20505305009352787,False,
2026-04-13T22:55:55Z,attack,0.20505305009352787,False,
2026-04-13T22:55:57Z,attack,0.20505305009352787,False,
2026-04-13T22:55:57Z,attack,0.20505305009352787,False,
2026-04-13T22:55:59Z,attack,0.20505305009352787,False,
2026-04-13T22:55:59Z,attack,0.20505305009352787,False,
2026-04-13T22:56:01Z,attack,0.20505305009352787,False,
2026-04-13T22:56:01Z,attack,0.20505305009352787,False,
2026-04-13T22:56:03Z,attack,0.15238093649229523,False,
2026-04-13T22:56:04Z,attack,0.15238093649229523,False,
2026-04-13T22:56:05Z,attack,0.15238093649229523,False,
2026-04-13T22:56:06Z,attack,0.15238093649229523,False,
2026-04-13T22:56:07Z,attack,0.15238093649229523,False,
2026-04-13T22:56:08Z,attack,0.15238093649229523,False,
2026-04-13T22:56:10Z,attack,0.15238093649229523,False,
2026-04-13T22:56:10Z,attack,0.15238093649229523,False,
2026-04-13T22:56:12Z,attack,0.15238093649229523,False,
2026-04-13T22:56:12Z,attack,0.15238093649229523,False,
2026-04-13T22:56:14Z,attack,0.09438343405621342,False,
2026-04-13T22:56:14Z,attack,0.09438343405621342,False,
2026-04-13T22:56:16Z,attack,0.09438343405621342,False,
2026-04-13T22:56:16Z,attack,0.09438343405621342,False,
2026-04-13T22:56:18Z,attack,0.09438343405621342,False,
2026-04-13T22:56:18Z,attack,0.09438343405621342,False,
2026-04-13T22:56:20Z,attack,0.09438343405621342,False,
2026-04-13T22:56:20Z,attack,0.09438343405621342,False,
2026-04-13T22:56:22Z,attack,0.21476886449656651,False,
2026-04-13T22:56:22Z,attack,0.21476886449656651,False,
2026-04-13T22:56:24Z,attack,0.21476886449656651,False,
2026-04-13T22:56:24Z,attack,0.21476886449656651,False,
2026-04-13T22:56:26Z,attack,0.21476886449656651,False,
2026-04-13T22:56:26Z,attack,0.21476886449656651,False,
2026-04-13T22:56:28Z,attack,0.21476886449656651,False,
2026-04-13T22:56:28Z,attack,0.21476886449656651,False,
2026-04-13T22:56:30Z,attack,0.21476886449656651,False,
2026-04-13T22:56:31Z,attack,0.21476886449656651,False,
2026-04-13T22:56:32Z,attack,0.2135106382282433,False,
2026-04-13T22:56:33Z,attack,0.2135106382282433,False,
2026-04-13T22:56:34Z,attack,0.2135106382282433,False,
2026-04-13T22:56:35Z,attack,0.2135106382282433,False,
2026-04-13T22:56:36Z,attack,0.2135106382282433,False,
2026-04-13T22:56:37Z,attack,0.2135106382282433,False,
2026-04-13T22:56:39Z,attack,0.2135106382282433,False,
2026-04-13T22:56:39Z,attack,0.2135106382282433,False,
2026-04-13T22:56:41Z,attack,0.2135106382282433,False,
2026-04-13T22:56:41Z,attack,0.2135106382282433,False,
2026-04-13T22:56:43Z,attack,0.2012242769874833,False,
2026-04-13T22:56:43Z,attack,0.2012242769874833,False,
2026-04-13T22:56:45Z,attack,0.2012242769874833,False,
2026-04-13T22:56:45Z,attack,0.2012242769874833,False,
2026-04-13T22:56:47Z,attack,0.2012242769874833,False,
2026-04-13T22:56:47Z,attack,0.2012242769874833,False,
2026-04-13T22:56:49Z,attack,0.2012242769874833,False,
2026-04-13T22:56:49Z,attack,0.2012242769874833,False,
2026-04-13T22:56:51Z,attack,0.2012242769874833,False,
2026-04-13T22:56:51Z,attack,0.2012242769874833,False,
2026-04-13T22:56:53Z,attack,0.14389707046344366,False,
2026-04-13T22:56:53Z,attack,0.14389707046344366,False,
2026-04-13T22:56:55Z,attack,0.14389707046344366,False,
2026-04-13T22:56:55Z,attack,0.14389707046344366,False,
2026-04-13T22:56:57Z,attack,0.14389707046344366,False,
2026-04-13T22:56:58Z,attack,0.14389707046344366,False,
2026-04-13T22:56:59Z,attack,0.14389707046344366,False,
2026-04-13T22:57:00Z,attack,0.14389707046344366,False,
2026-04-13T22:57:01Z,attack,0.14389707046344366,False,
2026-04-13T22:57:02Z,attack,0.14389707046344366,False,
2026-04-13T22:57:03Z,attack,0.08802821354219406,False,
2026-04-13T22:57:04Z,attack,0.08802821354219406,False,
2026-04-13T22:57:06Z,attack,0.08802821354219406,False,
2026-04-13T22:57:06Z,attack,0.08802821354219406,False,
2026-04-13T22:57:08Z,attack,0.08802821354219406,False,
2026-04-13T22:57:08Z,attack,0.08802821354219406,False,
2026-04-13T22:57:10Z,attack,0.08802821354219406,False,
2026-04-13T22:57:10Z,attack,0.08802821354219406,False,
2026-04-13T22:57:12Z,attack,0.08802821354219406,False,
2026-04-13T22:57:12Z,attack,0.21249047731931164,False,
2026-04-13T22:57:14Z,attack,0.21249047731931164,False,
2026-04-13T22:57:14Z,attack,0.21249047731931164,False,
2026-04-13T22:57:16Z,attack,0.21249047731931164,False,
2026-04-13T22:57:16Z,attack,0.21249047731931164,False,
2026-04-13T22:57:18Z,attack,0.21249047731931164,False,
2026-04-13T22:57:18Z,attack,0.21249047731931164,False,
2026-04-13T22:57:20Z,attack,0.21249047731931164,False,
2026-04-13T22:57:20Z,attack,0.21249047731931164,False,
2026-04-13T22:57:22Z,attack,0.21152459886881225,False,
2026-04-13T22:57:22Z,attack,0.21152459886881225,False,
2026-04-13T22:57:24Z,attack,0.21152459886881225,False,
2026-04-13T22:57:24Z,attack,0.21152459886881225,False,
2026-04-13T22:57:26Z,attack,0.21152459886881225,False,
2026-04-13T22:57:27Z,attack,0.21152459886881225,False,
2026-04-13T22:57:28Z,attack,0.21152459886881225,False,
2026-04-13T22:57:29Z,attack,0.21152459886881225,False,
2026-04-13T22:57:30Z,attack,0.21152459886881225,False,
2026-04-13T22:57:31Z,attack,0.21152459886881225,False,
2026-04-13T22:57:33Z,attack,0.19944535850663841,False,
2026-04-13T22:57:33Z,attack,0.19944535850663841,False,
2026-04-13T22:57:35Z,attack,0.19944535850663841,False,
2026-04-13T22:57:35Z,attack,0.19944535850663841,False,
2026-04-13T22:57:37Z,attack,0.19944535850663841,False,
2026-04-13T22:57:37Z,attack,0.19944535850663841,False,
2026-04-13T22:57:39Z,attack,0.19944535850663841,False,
2026-04-13T22:57:39Z,attack,0.19944535850663841,False,
2026-04-13T22:57:41Z,attack,0.19944535850663841,False,
2026-04-13T22:57:41Z,attack,0.19944535850663841,False,
2026-04-13T22:57:43Z,attack,0.14227819273155112,False,
2026-04-13T22:57:43Z,attack,0.14227819273155112,False,
2026-04-13T22:57:45Z,attack,0.14227819273155112,False,
2026-04-13T22:57:45Z,attack,0.14227819273155112,False,
2026-04-13T22:57:47Z,attack,0.14227819273155112,False,
2026-04-13T22:57:47Z,attack,0.14227819273155112,False,
2026-04-13T22:57:49Z,attack,0.14227819273155112,False,
2026-04-13T22:57:49Z,attack,0.14227819273155112,False,
2026-04-13T22:57:51Z,attack,0.14227819273155112,False,
2026-04-13T22:57:51Z,attack,0.14227819273155112,False,
2026-04-13T22:57:53Z,attack,0.08662090790518842,False,
2026-04-13T22:57:54Z,attack,0.08662090790518842,False,
2026-04-13T22:57:55Z,attack,0.08662090790518842,False,
2026-04-13T22:57:56Z,attack,0.08662090790518842,False,
2026-04-13T22:57:57Z,attack,0.08662090790518842,False,
2026-04-13T22:57:58Z,attack,0.08662090790518842,False,
2026-04-13T22:57:59Z,attack,0.08662090790518842,False,
2026-04-13T22:58:00Z,attack,0.08662090790518842,False,
2026-04-13T22:58:02Z,attack,0.08662090790518842,False,
2026-04-13T22:58:02Z,attack,0.08662090790518842,False,
2026-04-13T22:58:04Z,attack,0.21118880307475996,False,
2026-04-13T22:58:04Z,attack,0.21118880307475996,False,
2026-04-13T22:58:06Z,attack,0.21118880307475996,False,
2026-04-13T22:58:06Z,attack,0.21118880307475996,False,
2026-04-13T22:58:08Z,attack,0.21118880307475996,False,
2026-04-13T22:58:08Z,attack,0.21118880307475996,False,
2026-04-13T22:58:10Z,attack,0.21118880307475996,False,
2026-04-13T22:58:10Z,attack,0.21118880307475996,False,
2026-04-13T22:58:12Z,attack,0.21031342652014146,False,
2026-04-13T22:58:12Z,attack,0.21031342652014146,False,
2026-04-13T22:58:14Z,attack,0.21031342652014146,False,
2026-04-13T22:58:14Z,attack,0.21031342652014146,False,
2026-04-13T22:58:16Z,attack,0.21031342652014146,False,
2026-04-13T22:58:16Z,attack,0.21031342652014146,False,
2026-04-13T22:58:18Z,attack,0.21031342652014146,False,
2026-04-13T22:58:18Z,attack,0.21031342652014146,False,
2026-04-13T22:58:20Z,attack,0.21031342652014146,False,
2026-04-13T22:58:20Z,attack,0.21031342652014146,False,
2026-04-13T22:58:22Z,attack,0.19831304706414293,False,
2026-04-13T22:58:23Z,attack,0.19831304706414293,False,
2026-04-13T22:58:24Z,attack,0.19831304706414293,False,
2026-04-13T22:58:25Z,attack,0.19831304706414293,False,
2026-04-13T22:58:26Z,attack,0.19831304706414293,False,
2026-04-13T22:58:27Z,attack,0.19831304706414293,False,
2026-04-13T22:58:29Z,attack,0.19831304706414293,False,
2026-04-13T22:58:29Z,attack,0.19831304706414293,False,
2026-04-13T22:58:31Z,attack,0.19831304706414293,False,
2026-04-13T22:58:31Z,attack,0.19831304706414293,False,
2026-04-13T22:58:33Z,attack,0.14121549045877757,False,
2026-04-13T22:58:33Z,attack,0.14121549045877757,False,
2026-04-13T22:58:35Z,attack,0.14121549045877757,False,
2026-04-13T22:58:35Z,attack,0.14121549045877757,False,
2026-04-13T22:58:37Z,attack,0.14121549045877757,False,
2026-04-13T22:58:37Z,attack,0.14121549045877757,False,
2026-04-13T22:58:39Z,attack,0.14121549045877757,False,
2026-04-13T22:58:39Z,attack,0.14121549045877757,False,
2026-04-13T22:58:41Z,attack,0.14121549045877757,False,
2026-04-13T22:58:41Z,attack,0.14121549045877757,False,
2026-04-13T22:58:43Z,attack,0.08910962555745643,False,
2026-04-13T22:58:43Z,attack,0.08910962555745643,False,
2026-04-13T22:58:45Z,attack,0.08910962555745643,False,
2026-04-13T22:58:45Z,attack,0.08910962555745643,False,
2026-04-13T22:58:47Z,attack,0.08910962555745643,False,
2026-04-13T22:58:47Z,attack,0.08910962555745643,False,
2026-04-13T22:58:49Z,attack,0.08910962555745643,False,
2026-04-13T22:58:50Z,attack,0.08910962555745643,False,
2026-04-13T22:58:51Z,attack,0.08910962555745643,False,
2026-04-13T22:58:52Z,attack,0.08910962555745643,False,
2026-04-13T22:58:53Z,attack,0.06829838796127805,False,
2026-04-13T22:58:54Z,attack,0.06829838796127805,False,
2026-04-13T22:58:55Z,attack,0.06829838796127805,False,
2026-04-13T22:58:56Z,attack,0.06829838796127805,False,
2026-04-13T22:58:58Z,attack,0.06829838796127805,False,
2026-04-13T22:58:58Z,attack,0.06829838796127805,False,
2026-04-13T22:59:00Z,attack,0.06829838796127805,False,
2026-04-13T22:59:00Z,attack,0.06829838796127805,False,
2026-04-13T22:59:02Z,attack,0.06829838796127805,False,
2026-04-13T22:59:02Z,attack,0.20963615877389258,False,
2026-04-13T22:59:04Z,attack,0.20963615877389258,False,
2026-04-13T22:59:04Z,attack,0.20963615877389258,False,
2026-04-13T22:59:06Z,attack,0.20963615877389258,False,
2026-04-13T22:59:06Z,attack,0.20963615877389258,False,
2026-04-13T22:59:08Z,attack,0.20963615877389258,False,
2026-04-13T22:59:08Z,attack,0.20963615877389258,False,
2026-04-13T22:59:10Z,attack,0.20963615877389258,False,
2026-04-13T22:59:10Z,attack,0.20963615877389258,False,
2026-04-13T22:59:12Z,attack,0.19746471552977052,False,
2026-04-13T22:59:12Z,attack,0.19746471552977052,False,
2026-04-13T22:59:14Z,attack,0.19746471552977052,False,
2026-04-13T22:59:14Z,attack,0.19746471552977052,False,
2026-04-13T22:59:16Z,attack,0.19746471552977052,False,
2026-04-13T22:59:17Z,attack,0.19746471552977052,False,
2026-04-13T22:59:18Z,attack,0.19746471552977052,False,
2026-04-13T22:59:19Z,attack,0.19746471552977052,False,
2026-04-13T22:59:20Z,attack,0.19746471552977052,False,
2026-04-13T22:59:21Z,attack,0.19746471552977052,False,
2026-04-13T22:59:22Z,attack,0.14040922613891088,False,
2026-04-13T22:59:23Z,attack,0.14040922613891088,False,
2026-04-13T22:59:25Z,attack,0.14040922613891088,False,
2026-04-13T22:59:25Z,attack,0.14040922613891088,False,
2026-04-13T22:59:27Z,attack,0.14040922613891088,False,
2026-04-13T22:59:27Z,attack,0.14040922613891088,False,
2026-04-13T22:59:29Z,attack,0.14040922613891088,False,
2026-04-13T22:59:29Z,attack,0.14040922613891088,False,
2026-04-13T22:59:31Z,attack,0.14040922613891088,False,
2026-04-13T22:59:31Z,attack,0.14040922613891088,False,
2026-04-13T22:59:33Z,attack,0.08485265869947885,False,
2026-04-13T22:59:33Z,attack,0.08485265869947885,False,
2026-04-13T22:59:35Z,attack,0.08485265869947885,False,
2026-04-13T22:59:35Z,attack,0.08485265869947885,False,
2026-04-13T22:59:37Z,attack,0.08485265869947885,False,
2026-04-13T22:59:37Z,attack,0.08485265869947885,False,
2026-04-13T22:59:39Z,attack,0.08485265869947885,False,
2026-04-13T22:59:39Z,attack,0.08485265869947885,False,
2026-04-13T22:59:41Z,attack,0.08485265869947885,False,
2026-04-13T22:59:41Z,attack,0.08485265869947885,False,
2026-04-13T22:59:43Z,attack,0.20951199549877686,False,
2026-04-13T22:59:43Z,attack,0.20951199549877686,False,
2026-04-13T22:59:45Z,attack,0.20951199549877686,False,
2026-04-13T22:59:46Z,attack,0.20951199549877686,False,
2026-04-13T22:59:47Z,attack,0.20951199549877686,False,
2026-04-13T22:59:48Z,attack,0.20951199549877686,False,
2026-04-13T22:59:49Z,attack,0.20951199549877686,False,
2026-04-13T22:59:50Z,attack,0.20951199549877686,False,
2026-04-13T22:59:51Z,attack,0.20951199549877686,False,
2026-04-13T22:59:52Z,attack,0.20951199549877686,False,
2026-04-13T22:59:54Z,attack,0.20872010192734297,False,
2026-04-13T22:59:54Z,attack,0.20872010192734297,False,
2026-04-13T22:59:56Z,attack,0.20872010192734297,False,
2026-04-13T22:59:56Z,attack,0.20872010192734297,False,
2026-04-13T22:59:58Z,attack,0.20872010192734297,False,
2026-04-13T22:59:58Z,attack,0.20872010192734297,False,
2026-04-13T23:00:00Z,attack,0.20872010192734297,False,
2026-04-13T23:00:00Z,attack,0.20872010192734297,False,
2026-04-13T23:00:02Z,attack,0.20872010192734297,False,
2026-04-13T23:00:02Z,attack,0.19734084735716778,False,
2026-04-13T23:00:04Z,attack,0.19734084735716778,False,
2026-04-13T23:00:04Z,attack,0.19734084735716778,False,
2026-04-13T23:00:06Z,attack,0.19734084735716778,False,
2026-04-13T23:00:06Z,attack,0.19734084735716778,False,
2026-04-13T23:00:08Z,attack,0.19734084735716778,False,
2026-04-13T23:00:08Z,attack,0.19734084735716778,False,
2026-04-13T23:00:10Z,attack,0.19734084735716778,False,
2026-04-13T23:00:10Z,attack,0.19734084735716778,False,
2026-04-13T23:00:12Z,attack,0.14029541553713099,False,
2026-04-13T23:00:12Z,attack,0.14029541553713099,False,
2026-04-13T23:00:14Z,attack,0.14029541553713099,False,
2026-04-13T23:00:15Z,attack,0.14029541553713099,False,
2026-04-13T23:00:16Z,attack,0.14029541553713099,False,
2026-04-13T23:00:17Z,attack,0.14029541553713099,False,
2026-04-13T23:00:18Z,attack,0.14029541553713099,False,
2026-04-13T23:00:19Z,attack,0.14029541553713099,False,
2026-04-13T23:00:20Z,attack,0.14029541553713099,False,
2026-04-13T23:00:21Z,attack,0.14029541553713099,False,
2026-04-13T23:00:23Z,attack,0.08474818435658074,False,
2026-04-13T23:00:23Z,attack,0.08474818435658074,False,
2026-04-13T23:00:25Z,attack,0.08474818435658074,False,
2026-04-13T23:00:25Z,attack,0.08474818435658074,False,
2026-04-13T23:00:27Z,attack,0.08474818435658074,False,
2026-04-13T23:00:27Z,attack,0.08474818435658074,False,
2026-04-13T23:00:29Z,attack,0.08474818435658074,False,
2026-04-13T23:00:29Z,attack,0.08474818435658074,False,
2026-04-13T23:00:31Z,attack,0.08474818435658074,False,
2026-04-13T23:00:31Z,attack,0.08474818435658074,False,
2026-04-13T23:00:33Z,attack,0.20941620558634744,False,
2026-04-13T23:00:33Z,attack,0.20941620558634744,False,
2026-04-13T23:00:35Z,attack,0.20941620558634744,False,
2026-04-13T23:00:35Z,attack,0.20941620558634744,False,
2026-04-13T23:00:37Z,attack,0.20941620558634744,False,
2026-04-13T23:00:37Z,attack,0.20941620558634744,False,
2026-04-13T23:00:39Z,attack,0.20941620558634744,False,
2026-04-13T23:00:39Z,attack,0.20941620558634744,False,
2026-04-13T23:00:41Z,attack,0.20941620558634744,False,
2026-04-13T23:00:41Z,attack,0.20941620558634744,False,
2026-04-13T23:00:43Z,attack,0.2086324049251967,False,
2026-04-13T23:00:44Z,attack,0.2086324049251967,False,
2026-04-13T23:00:45Z,attack,0.2086324049251967,False,
2026-04-13T23:00:46Z,attack,0.2086324049251967,False,
2026-04-13T23:00:47Z,attack,0.2086324049251967,False,
2026-04-13T23:00:48Z,attack,0.2086324049251967,False,
2026-04-13T23:00:49Z,attack,0.2086324049251967,False,
2026-04-13T23:00:50Z,attack,0.2086324049251967,False,
2026-04-13T23:00:51Z,attack,0.2086324049251967,False,
2026-04-13T23:00:52Z,attack,0.2086324049251967,False,
2026-04-13T23:00:54Z,attack,0.19696420773124917,False,
2026-04-13T23:00:54Z,attack,0.19696420773124917,False,
2026-04-13T23:00:56Z,attack,0.19696420773124917,False,
2026-04-13T23:00:56Z,attack,0.19696420773124917,False,
2026-04-13T23:00:58Z,attack,0.19696420773124917,False,
2026-04-13T23:00:58Z,attack,0.19696420773124917,False,
2026-04-13T23:01:00Z,attack,0.19696420773124917,False,
2026-04-13T23:01:00Z,attack,0.19696420773124917,False,
2026-04-13T23:01:02Z,attack,0.19696420773124917,False,
2026-04-13T23:01:02Z,attack,0.13993645690344764,False,
2026-04-13T23:01:04Z,attack,0.13993645690344764,False,
2026-04-13T23:01:04Z,attack,0.13993645690344764,False,
2026-04-13T23:01:06Z,attack,0.13993645690344764,False,
2026-04-13T23:01:06Z,attack,0.13993645690344764,False,
2026-04-13T23:01:08Z,attack,0.13993645690344764,False,
2026-04-13T23:01:08Z,attack,0.13993645690344764,False,
2026-04-13T23:01:10Z,attack,0.13993645690344764,False,
2026-04-13T23:01:10Z,attack,0.13993645690344764,False,
2026-04-13T23:01:12Z,attack,0.08440571672125012,False,
2026-04-13T23:01:13Z,attack,0.08440571672125012,False,
2026-04-13T23:01:14Z,attack,0.08440571672125012,False,
2026-04-13T23:01:15Z,attack,0.08440571672125012,False,
2026-04-13T23:01:16Z,attack,0.08440571672125012,False,
2026-04-13T23:01:17Z,attack,0.08440571672125012,False,
2026-04-13T23:01:18Z,attack,0.08440571672125012,False,
2026-04-13T23:01:19Z,attack,0.08440571672125012,False,
2026-04-13T23:01:20Z,attack,0.08440571672125012,False,
2026-04-13T23:01:21Z,attack,0.08440571672125012,False,
2026-04-13T23:01:23Z,attack,0.20908915124710364,False,
2026-04-13T23:01:23Z,attack,0.20908915124710364,False,
2026-04-13T23:01:25Z,attack,0.20908915124710364,False,
2026-04-13T23:01:25Z,attack,0.20908915124710364,False,
2026-04-13T23:01:27Z,attack,0.20908915124710364,False,
2026-04-13T23:01:27Z,attack,0.20908915124710364,False,
2026-04-13T23:01:29Z,attack,0.20908915124710364,False,
2026-04-13T23:01:29Z,attack,0.20908915124710364,False,
2026-04-13T23:01:31Z,attack,0.20908915124710364,False,
2026-04-13T23:01:31Z,attack,0.20908915124710364,False,
2026-04-13T23:01:33Z,attack,0.2089172784066114,False,
2026-04-13T23:01:33Z,attack,0.2089172784066114,False,
2026-04-13T23:01:35Z,attack,0.2089172784066114,False,
2026-04-13T23:01:35Z,attack,0.2089172784066114,False,
2026-04-13T23:01:37Z,attack,0.2089172784066114,False,
2026-04-13T23:01:37Z,attack,0.2089172784066114,False,
2026-04-13T23:01:39Z,attack,0.2089172784066114,False,
2026-04-13T23:01:39Z,attack,0.2089172784066114,False,
2026-04-13T23:01:41Z,attack,0.2089172784066114,False,
2026-04-13T23:01:41Z,attack,0.2089172784066114,False,
2026-04-13T23:01:43Z,attack,0.19699584483202992,False,
2026-04-13T23:01:44Z,attack,0.19699584483202992,False,
2026-04-13T23:01:45Z,attack,0.19699584483202992,False,
2026-04-13T23:01:46Z,attack,0.19699584483202992,False,
2026-04-13T23:01:47Z,attack,0.19699584483202992,False,
2026-04-13T23:01:48Z,attack,0.19699584483202992,False,
2026-04-13T23:01:49Z,attack,0.19699584483202992,False,
2026-04-13T23:01:50Z,attack,0.19699584483202992,False,
2026-04-13T23:01:51Z,attack,0.19699584483202992,False,
2026-04-13T23:01:52Z,attack,0.19699584483202992,False,
2026-04-13T23:01:54Z,attack,0.13997102122751442,False,
2026-04-13T23:01:54Z,attack,0.13997102122751442,False,
2026-04-13T23:01:56Z,attack,0.13997102122751442,False,
2026-04-13T23:01:56Z,attack,0.13997102122751442,False,
2026-04-13T23:01:58Z,attack,0.13997102122751442,False,
2026-04-13T23:01:58Z,attack,0.13997102122751442,False,
2026-04-13T23:02:00Z,attack,0.13997102122751442,False,
2026-04-13T23:02:00Z,attack,0.13997102122751442,False,
2026-04-13T23:02:02Z,attack,0.13997102122751442,False,
2026-04-13T23:02:02Z,attack,0.08792589706267619,False,
2026-04-13T23:02:04Z,attack,0.08792589706267619,False,
2026-04-13T23:02:04Z,attack,0.08792589706267619,False,
2026-04-13T23:02:06Z,attack,0.08792589706267619,False,
2026-04-13T23:02:06Z,attack,0.08792589706267619,False,
2026-04-13T23:02:08Z,attack,0.08792589706267619,False,
2026-04-13T23:02:08Z,attack,0.08792589706267619,False,
2026-04-13T23:02:10Z,attack,0.08792589706267619,False,
2026-04-13T23:02:10Z,attack,0.08792589706267619,False,
2026-04-13T23:02:12Z,attack,0.06717746125925048,False,
2026-04-13T23:02:13Z,attack,0.06717746125925048,False,
2026-04-13T23:02:14Z,attack,0.06717746125925048,False,
2026-04-13T23:02:15Z,attack,0.06717746125925048,False,
2026-04-13T23:02:16Z,attack,0.06717746125925048,False,
2026-04-13T23:02:17Z,attack,0.06717746125925048,False,
2026-04-13T23:02:18Z,attack,0.06717746125925048,False,
2026-04-13T23:02:19Z,attack,0.06717746125925048,False,
2026-04-13T23:02:20Z,attack,0.06717746125925048,False,
2026-04-13T23:02:21Z,attack,0.06717746125925048,False,
2026-04-13T23:02:23Z,attack,0.20836215940993558,False,
2026-04-13T23:02:23Z,attack,0.20836215940993558,False,
2026-04-13T23:02:25Z,attack,0.20836215940993558,False,
2026-04-13T23:02:25Z,attack,0.20836215940993558,False,
2026-04-13T23:02:27Z,attack,0.20836215940993558,False,
2026-04-13T23:02:27Z,attack,0.20836215940993558,False,
2026-04-13T23:02:29Z,attack,0.20836215940993558,False,
2026-04-13T23:02:29Z,attack,0.20836215940993558,False,
2026-04-13T23:02:31Z,attack,0.20836215940993558,False,
2026-04-13T23:02:31Z,attack,0.20836215940993558,False,
2026-04-13T23:02:33Z,attack,0.19646175864498527,False,
2026-04-13T23:02:33Z,attack,0.19646175864498527,False,
2026-04-13T23:02:35Z,attack,0.19646175864498527,False,
2026-04-13T23:02:35Z,attack,0.19646175864498527,False,
2026-04-13T23:02:37Z,attack,0.19646175864498527,False,
2026-04-13T23:02:37Z,attack,0.19646175864498527,False,
2026-04-13T23:02:39Z,attack,0.19646175864498527,False,
2026-04-13T23:02:39Z,attack,0.19646175864498527,False,
2026-04-13T23:02:41Z,attack,0.19646175864498527,False,
2026-04-13T23:02:42Z,attack,0.19646175864498527,False,
2026-04-13T23:02:43Z,attack,0.13945668839541303,False,
2026-04-13T23:02:44Z,attack,0.13945668839541303,False,
2026-04-13T23:02:45Z,attack,0.13945668839541303,False,
2026-04-13T23:02:46Z,attack,0.13945668839541303,False,
2026-04-13T23:02:47Z,attack,0.13945668839541303,False,
2026-04-13T23:02:48Z,attack,0.13945668839541303,False,
2026-04-13T23:02:49Z,attack,0.13945668839541303,False,
2026-04-13T23:02:50Z,attack,0.13945668839541303,False,
2026-04-13T23:02:52Z,attack,0.13945668839541303,False,
2026-04-13T23:02:52Z,attack,0.08394729332901668,False,
2026-04-13T23:02:54Z,attack,0.08394729332901668,False,
2026-04-13T23:02:54Z,attack,0.08394729332901668,False,
2026-04-13T23:02:56Z,attack,0.08394729332901668,False,
2026-04-13T23:02:56Z,attack,0.08394729332901668,False,
2026-04-13T23:02:58Z,attack,0.08394729332901668,False,
2026-04-13T23:02:58Z,attack,0.08394729332901668,False,
2026-04-13T23:03:00Z,attack,0.08394729332901668,False,
2026-04-13T23:03:00Z,attack,0.08394729332901668,False,
2026-04-13T23:03:02Z,attack,0.08394729332901668,False,
2026-04-13T23:03:02Z,attack,0.06669752235448709,False,
2026-04-13T23:03:04Z,attack,0.06669752235448709,False,
2026-04-13T23:03:04Z,attack,0.06669752235448709,False,
2026-04-13T23:03:06Z,attack,0.06669752235448709,False,
2026-04-13T23:03:06Z,attack,0.06669752235448709,False,
2026-04-13T23:03:08Z,attack,0.06669752235448709,False,
2026-04-13T23:03:08Z,attack,0.06669752235448709,False,
2026-04-13T23:03:10Z,attack,0.06669752235448709,False,
2026-04-13T23:03:11Z,attack,0.06669752235448709,False,
2026-04-13T23:03:12Z,attack,0.20811028513117136,False,
2026-04-13T23:03:13Z,attack,0.20811028513117136,False,
2026-04-13T23:03:14Z,attack,0.20811028513117136,False,
2026-04-13T23:03:15Z,attack,0.20811028513117136,False,
2026-04-13T23:03:16Z,attack,0.20811028513117136,False,
2026-04-13T23:03:17Z,attack,0.20811028513117136,False,
2026-04-13T23:03:18Z,attack,0.20811028513117136,False,
2026-04-13T23:03:19Z,attack,0.20811028513117136,False,
2026-04-13T23:03:20Z,attack,0.20811028513117136,False,
2026-04-13T23:03:21Z,attack,0.20811028513117136,False,
2026-04-13T23:03:23Z,attack,0.19870146566127378,False,
2026-04-13T23:03:23Z,attack,0.19870146566127378,False,
2026-04-13T23:03:25Z,attack,0.19870146566127378,False,
2026-04-13T23:03:25Z,attack,0.19870146566127378,False,
2026-04-13T23:03:27Z,attack,0.19870146566127378,False,
2026-04-13T23:03:27Z,attack,0.19870146566127378,False,
2026-04-13T23:03:29Z,attack,0.19870146566127378,False,
2026-04-13T23:03:29Z,attack,0.19870146566127378,False,
2026-04-13T23:03:31Z,attack,0.19870146566127378,False,
2026-04-13T23:03:31Z,attack,0.19870146566127378,False,
2026-04-13T23:03:33Z,attack,0.13902540699645982,False,
2026-04-13T23:03:33Z,attack,0.13902540699645982,False,
2026-04-13T23:03:35Z,attack,0.13902540699645982,False,
2026-04-13T23:03:35Z,attack,0.13902540699645982,False,
2026-04-13T23:03:37Z,attack,0.13902540699645982,False,
2026-04-13T23:03:37Z,attack,0.13902540699645982,False,
2026-04-13T23:03:39Z,attack,0.13902540699645982,False,
2026-04-13T23:03:39Z,attack,0.13902540699645982,False,
2026-04-13T23:03:41Z,attack,0.13902540699645982,False,
2026-04-13T23:03:42Z,attack,0.13902540699645982,False,
2026-04-13T23:03:43Z,attack,0.08353003184824558,False,
2026-04-13T23:03:44Z,attack,0.08353003184824558,False,
2026-04-13T23:03:45Z,attack,0.08353003184824558,False,
2026-04-13T23:03:46Z,attack,0.08353003184824558,False,
2026-04-13T23:03:47Z,attack,0.08353003184824558,False,
2026-04-13T23:03:48Z,attack,0.08353003184824558,False,
2026-04-13T23:03:49Z,attack,0.08353003184824558,False,
2026-04-13T23:03:50Z,attack,0.08353003184824558,False,
2026-04-13T23:03:51Z,attack,0.08353003184824558,False,
2026-04-13T23:03:52Z,attack,0.20824688629785404,False,
2026-04-13T23:03:54Z,attack,0.20824688629785404,False,
2026-04-13T23:03:54Z,attack,0.20824688629785404,False,
2026-04-13T23:03:56Z,attack,0.20824688629785404,False,
2026-04-13T23:03:56Z,attack,0.20824688629785404,False,
2026-04-13T23:03:58Z,attack,0.20824688629785404,False,
2026-04-13T23:03:58Z,attack,0.20824688629785404,False,
2026-04-13T23:04:00Z,attack,0.20824688629785404,False,
2026-04-13T23:04:00Z,attack,0.20824688629785404,False,
2026-04-13T23:04:02Z,attack,0.20824688629785404,False,
2026-04-13T23:04:02Z,attack,0.2077177318614239,False,
2026-04-13T23:04:04Z,attack,0.2077177318614239,False,
2026-04-13T23:04:04Z,attack,0.2077177318614239,False,
2026-04-13T23:04:06Z,attack,0.2077177318614239,False,
2026-04-13T23:04:06Z,attack,0.2077177318614239,False,
2026-04-13T23:04:08Z,attack,0.2077177318614239,False,
2026-04-13T23:04:08Z,attack,0.2077177318614239,False,
2026-04-13T23:04:10Z,attack,0.2077177318614239,False,
2026-04-13T23:04:11Z,attack,0.2077177318614239,False,
2026-04-13T23:04:12Z,attack,0.1956363882772395,False,
2026-04-13T23:04:13Z,attack,0.1956363882772395,False,
2026-04-13T23:04:14Z,attack,0.1956363882772395,False,
2026-04-13T23:04:15Z,attack,0.1956363882772395,False,
2026-04-13T23:04:16Z,attack,0.1956363882772395,False,
2026-04-13T23:04:17Z,attack,0.1956363882772395,False,
2026-04-13T23:04:18Z,attack,0.1956363882772395,False,
2026-04-13T23:04:19Z,attack,0.1956363882772395,False,
2026-04-13T23:04:20Z,attack,0.1956363882772395,False,
2026-04-13T23:04:21Z,attack,0.1956363882772395,False,
2026-04-13T23:04:23Z,attack,0.1386575552148642,False,
2026-04-13T23:04:23Z,attack,0.1386575552148642,False,
2026-04-13T23:04:25Z,attack,0.1386575552148642,False,
2026-04-13T23:04:25Z,attack,0.1386575552148642,False,
2026-04-13T23:04:27Z,attack,0.1386575552148642,False,
2026-04-13T23:04:27Z,attack,0.1386575552148642,False,
2026-04-13T23:04:29Z,attack,0.1386575552148642,False,
2026-04-13T23:04:29Z,attack,0.1386575552148642,False,
2026-04-13T23:04:31Z,attack,0.1386575552148642,False,
2026-04-13T23:04:31Z,attack,0.1386575552148642,False,
2026-04-13T23:04:33Z,attack,0.08317308721014395,False,
2026-04-13T23:04:33Z,attack,0.08317308721014395,False,
2026-04-13T23:04:35Z,attack,0.08317308721014395,False,
2026-04-13T23:04:35Z,attack,0.08317308721014395,False,
2026-04-13T23:04:37Z,attack,0.08317308721014395,False,
2026-04-13T23:04:37Z,attack,0.08317308721014395,False,
2026-04-13T23:04:39Z,attack,0.08317308721014395,False,
2026-04-13T23:04:40Z,attack,0.08317308721014395,False,
2026-04-13T23:04:41Z,attack,0.08317308721014395,False,
2026-04-13T23:04:42Z,attack,0.08317308721014395,False,
2026-04-13T23:04:43Z,attack,0.0659447063170147,False,
2026-04-13T23:04:44Z,attack,0.0659447063170147,False,
2026-04-13T23:04:45Z,attack,0.0659447063170147,False,
2026-04-13T23:04:46Z,attack,0.0659447063170147,False,
2026-04-13T23:04:47Z,attack,0.0659447063170147,False,
2026-04-13T23:04:48Z,attack,0.0659447063170147,False,
2026-04-13T23:04:49Z,attack,0.0659447063170147,False,
2026-04-13T23:04:50Z,attack,0.0659447063170147,False,
2026-04-13T23:04:51Z,attack,0.0659447063170147,False,
2026-04-13T23:04:52Z,attack,0.20717253413221326,False,
2026-04-13T23:04:54Z,attack,0.20717253413221326,False,
2026-04-13T23:04:54Z,attack,0.20717253413221326,False,
2026-04-13T23:04:56Z,attack,0.20717253413221326,False,
2026-04-13T23:04:56Z,attack,0.20717253413221326,False,
2026-04-13T23:04:58Z,attack,0.20717253413221326,False,
2026-04-13T23:04:58Z,attack,0.20717253413221326,False,
2026-04-13T23:05:00Z,attack,0.20717253413221326,False,
2026-04-13T23:05:00Z,attack,0.20717253413221326,False,
2026-04-13T23:05:02Z,attack,0.20717253413221326,False,
2026-04-13T23:05:02Z,attack,0.19530927431526524,False,
2026-04-13T23:05:04Z,attack,0.19530927431526524,False,
2026-04-13T23:05:04Z,attack,0.19530927431526524,False,
2026-04-13T23:05:06Z,attack,0.19530927431526524,False,
2026-04-13T23:05:06Z,attack,0.19530927431526524,False,
2026-04-13T23:05:08Z,attack,0.19530927431526524,False,
2026-04-13T23:05:08Z,attack,0.19530927431526524,False,
2026-04-13T23:05:10Z,attack,0.19530927431526524,False,
2026-04-13T23:05:11Z,attack,0.19530927431526524,False,
2026-04-13T23:05:12Z,attack,0.14570059736187774,False,
2026-04-13T23:05:13Z,attack,0.14570059736187774,False,
2026-04-13T23:05:14Z,attack,0.14570059736187774,False,
2026-04-13T23:05:15Z,attack,0.14570059736187774,False,
2026-04-13T23:05:16Z,attack,0.14570059736187774,False,
2026-04-13T23:05:17Z,attack,0.14570059736187774,False,
2026-04-13T23:05:18Z,attack,0.14570059736187774,False,
2026-04-13T23:05:19Z,attack,0.14570059736187774,False,
2026-04-13T23:05:20Z,attack,0.14570059736187774,False,
2026-04-13T23:05:21Z,attack,0.14570059736187774,False,
2026-04-13T23:05:23Z,attack,0.08286374072876411,False,
2026-04-13T23:05:23Z,attack,0.08286374072876411,False,
2026-04-13T23:05:25Z,attack,0.08286374072876411,False,
2026-04-13T23:05:25Z,attack,0.08286374072876411,False,
2026-04-13T23:05:27Z,attack,0.08286374072876411,False,
2026-04-13T23:05:27Z,attack,0.08286374072876411,False,
2026-04-13T23:05:29Z,attack,0.08286374072876411,False,
2026-04-13T23:05:29Z,attack,0.08286374072876411,False,
2026-04-13T23:05:31Z,attack,0.08286374072876411,False,
2026-04-13T23:05:31Z,attack,0.08286374072876411,False,
2026-04-13T23:05:33Z,attack,0.20759932240633455,False,
2026-04-13T23:05:33Z,attack,0.20759932240633455,False,
2026-04-13T23:05:35Z,attack,0.20759932240633455,False,
2026-04-13T23:05:35Z,attack,0.20759932240633455,False,
2026-04-13T23:05:37Z,attack,0.20759932240633455,False,
2026-04-13T23:05:37Z,attack,0.20759932240633455,False,
2026-04-13T23:05:39Z,attack,0.20759932240633455,False,
2026-04-13T23:05:40Z,attack,0.20759932240633455,False,
2026-04-13T23:05:41Z,attack,0.20759932240633455,False,
2026-04-13T23:05:42Z,attack,0.20759932240633455,False,
2026-04-13T23:05:43Z,attack,0.2068794882508464,False,
2026-04-13T23:05:44Z,attack,0.2068794882508464,False,
2026-04-13T23:05:45Z,attack,0.2068794882508464,False,
2026-04-13T23:05:46Z,attack,0.2068794882508464,False,
2026-04-13T23:05:47Z,attack,0.2068794882508464,False,
2026-04-13T23:05:48Z,attack,0.2068794882508464,False,
2026-04-13T23:05:49Z,attack,0.2068794882508464,False,
2026-04-13T23:05:50Z,attack,0.2068794882508464,False,
2026-04-13T23:05:51Z,attack,0.2068794882508464,False,
2026-04-13T23:05:52Z,attack,0.19568363382920262,False,
2026-04-13T23:05:54Z,attack,0.19568363382920262,False,
2026-04-13T23:05:54Z,attack,0.19568363382920262,False,
2026-04-13T23:05:56Z,attack,0.19568363382920262,False,
2026-04-13T23:05:56Z,attack,0.19568363382920262,False,
2026-04-13T23:05:58Z,attack,0.19568363382920262,False,
2026-04-13T23:05:58Z,attack,0.19568363382920262,False,
2026-04-13T23:06:00Z,attack,0.19568363382920262,False,
2026-04-13T23:06:00Z,attack,0.19568363382920262,False,
2026-04-13T23:06:02Z,attack,0.19568363382920262,False,
2026-04-13T23:06:02Z,attack,0.14606672431393244,False,
2026-04-13T23:06:04Z,attack,0.14606672431393244,False,
2026-04-13T23:06:04Z,attack,0.14606672431393244,False,
2026-04-13T23:06:06Z,attack,0.14606672431393244,False,
2026-04-13T23:06:06Z,attack,0.14606672431393244,False,
2026-04-13T23:06:08Z,attack,0.14606672431393244,False,
2026-04-13T23:06:08Z,attack,0.14606672431393244,False,
2026-04-13T23:06:10Z,attack,0.14606672431393244,False,
2026-04-13T23:06:11Z,attack,0.14606672431393244,False,
2026-04-13T23:06:12Z,attack,0.08401576949049895,False,
2026-04-13T23:06:13Z,attack,0.08401576949049895,False,
2026-04-13T23:06:14Z,attack,0.08401576949049895,False,
2026-04-13T23:06:15Z,attack,0.08401576949049895,False,
2026-04-13T23:06:16Z,attack,0.08401576949049895,False,
2026-04-13T23:06:17Z,attack,0.08401576949049895,False,
2026-04-13T23:06:18Z,attack,0.08401576949049895,False,
2026-04-13T23:06:19Z,attack,0.08401576949049895,False,
2026-04-13T23:06:20Z,attack,0.08401576949049895,False,
2026-04-13T23:06:21Z,attack,0.08401576949049895,False,
2026-04-13T23:06:23Z,attack,0.20872077122820115,False,
2026-04-13T23:06:23Z,attack,0.20872077122820115,False,
2026-04-13T23:06:25Z,attack,0.20872077122820115,False,
2026-04-13T23:06:25Z,attack,0.20872077122820115,False,
2026-04-13T23:06:27Z,attack,0.20872077122820115,False,
2026-04-13T23:06:27Z,attack,0.20872077122820115,False,
2026-04-13T23:06:29Z,attack,0.20872077122820115,False,
2026-04-13T23:06:29Z,attack,0.20872077122820115,False,
2026-04-13T23:06:31Z,attack,0.20872077122820115,False,
2026-04-13T23:06:31Z,attack,0.20872077122820115,False,
2026-04-13T23:06:33Z,attack,0.20818175438976544,False,
2026-04-13T23:06:33Z,attack,0.20818175438976544,False,
2026-04-13T23:06:35Z,attack,0.20818175438976544,False,
2026-04-13T23:06:35Z,attack,0.20818175438976544,False,
2026-04-13T23:06:37Z,attack,0.20818175438976544,False,
2026-04-13T23:06:37Z,attack,0.20818175438976544,False,
2026-04-13T23:06:39Z,attack,0.20818175438976544,False,
2026-04-13T23:06:40Z,attack,0.20818175438976544,False,
2026-04-13T23:06:41Z,attack,0.20818175438976544,False,
2026-04-13T23:06:42Z,attack,0.20818175438976544,False,
2026-04-13T23:06:43Z,attack,0.19608927564022377,False,
2026-04-13T23:06:44Z,attack,0.19608927564022377,False,
2026-04-13T23:06:45Z,attack,0.19608927564022377,False,
2026-04-13T23:06:46Z,attack,0.19608927564022377,False,
2026-04-13T23:06:47Z,attack,0.19608927564022377,False,
2026-04-13T23:06:48Z,attack,0.19608927564022377,False,
2026-04-13T23:06:49Z,attack,0.19608927564022377,False,
2026-04-13T23:06:50Z,attack,0.19608927564022377,False,
2026-04-13T23:06:51Z,attack,0.19608927564022377,False,
2026-04-13T23:06:52Z,attack,0.13910110068028303,False,
2026-04-13T23:06:54Z,attack,0.13910110068028303,False,
2026-04-13T23:06:54Z,attack,0.13910110068028303,False,
2026-04-13T23:06:56Z,attack,0.13910110068028303,False,
2026-04-13T23:06:56Z,attack,0.13910110068028303,False,
2026-04-13T23:06:58Z,attack,0.13910110068028303,False,
2026-04-13T23:06:58Z,attack,0.13910110068028303,False,
2026-04-13T23:07:00Z,attack,0.13910110068028303,False,
2026-04-13T23:07:00Z,attack,0.13910110068028303,False,
2026-04-13T23:07:02Z,attack,0.13910110068028303,False,
2026-04-13T23:07:02Z,attack,0.08708740351881082,False,
2026-04-13T23:07:04Z,attack,0.08708740351881082,False,
2026-04-13T23:07:04Z,attack,0.08708740351881082,False,
2026-04-13T23:07:06Z,attack,0.08708740351881082,False,
2026-04-13T23:07:06Z,attack,0.08708740351881082,False,
2026-04-13T23:07:08Z,attack,0.08708740351881082,False,
2026-04-13T23:07:08Z,attack,0.08708740351881082,False,
2026-04-13T23:07:10Z,attack,0.08708740351881082,False,
2026-04-13T23:07:11Z,attack,0.08708740351881082,False,
2026-04-13T23:07:12Z,attack,0.2083271246305065,False,
2026-04-13T23:07:13Z,attack,0.2083271246305065,False,
2026-04-13T23:07:14Z,attack,0.2083271246305065,False,
2026-04-13T23:07:15Z,attack,0.2083271246305065,False,
2026-04-13T23:07:16Z,attack,0.2083271246305065,False,
2026-04-13T23:07:17Z,attack,0.2083271246305065,False,
2026-04-13T23:07:18Z,attack,0.2083271246305065,False,
2026-04-13T23:07:19Z,attack,0.2083271246305065,False,
2026-04-13T23:07:20Z,attack,0.2083271246305065,False,
2026-04-13T23:07:21Z,attack,0.2083271246305065,False,
2026-04-13T23:07:23Z,attack,0.20780011014820388,False,
2026-04-13T23:07:23Z,attack,0.20780011014820388,False,
2026-04-13T23:07:25Z,attack,0.20780011014820388,False,
2026-04-13T23:07:25Z,attack,0.20780011014820388,False,
2026-04-13T23:07:27Z,attack,0.20780011014820388,False,
2026-04-13T23:07:27Z,attack,0.20780011014820388,False,
2026-04-13T23:07:29Z,attack,0.20780011014820388,False,
2026-04-13T23:07:29Z,attack,0.20780011014820388,False,
2026-04-13T23:07:31Z,attack,0.20780011014820388,False,
2026-04-13T23:07:31Z,attack,0.20780011014820388,False,
2026-04-13T23:07:33Z,attack,0.1957214262036025,False,
2026-04-13T23:07:33Z,attack,0.1957214262036025,False,
2026-04-13T23:07:35Z,attack,0.1957214262036025,False,
2026-04-13T23:07:35Z,attack,0.1957214262036025,False,
2026-04-13T23:07:37Z,attack,0.1957214262036025,False,
2026-04-13T23:07:37Z,attack,0.1957214262036025,False,
2026-04-13T23:07:39Z,attack,0.1957214262036025,False,
2026-04-13T23:07:40Z,attack,0.1957214262036025,False,
2026-04-13T23:07:41Z,attack,0.1957214262036025,False,
2026-04-13T23:07:42Z,attack,0.1957214262036025,False,
2026-04-13T23:07:43Z,attack,0.1461067561604998,False,
2026-04-13T23:07:44Z,attack,0.1461067561604998,False,
2026-04-13T23:07:45Z,attack,0.1461067561604998,False,
2026-04-13T23:07:46Z,attack,0.1461067561604998,False,
2026-04-13T23:07:47Z,attack,0.1461067561604998,False,
2026-04-13T23:07:48Z,attack,0.1461067561604998,False,
2026-04-13T23:07:49Z,attack,0.1461067561604998,False,
2026-04-13T23:07:50Z,attack,0.1461067561604998,False,
2026-04-13T23:07:51Z,attack,0.1461067561604998,False,
2026-04-13T23:07:52Z,attack,0.08674137546251083,False,
2026-04-13T23:07:54Z,attack,0.08674137546251083,False,
2026-04-13T23:07:54Z,attack,0.08674137546251083,False,
2026-04-13T23:07:56Z,attack,0.08674137546251083,False,
2026-04-13T23:07:56Z,attack,0.08674137546251083,False,
2026-04-13T23:07:58Z,attack,0.08674137546251083,False,
2026-04-13T23:07:58Z,attack,0.08674137546251083,False,
2026-04-13T23:08:00Z,attack,0.08674137546251083,False,
2026-04-13T23:08:00Z,attack,0.08674137546251083,False,
2026-04-13T23:08:02Z,attack,0.08674137546251083,False,
2026-04-13T23:08:02Z,attack,0.06603682076538875,False,
2026-04-13T23:08:04Z,attack,0.06603682076538875,False,
2026-04-13T23:08:04Z,attack,0.06603682076538875,False,
2026-04-13T23:08:06Z,attack,0.06603682076538875,False,
2026-04-13T23:08:06Z,attack,0.06603682076538875,False,
2026-04-13T23:08:08Z,attack,0.06603682076538875,False,
2026-04-13T23:08:08Z,attack,0.06603682076538875,False,
2026-04-13T23:08:10Z,attack,0.06603682076538875,False,
2026-04-13T23:08:11Z,attack,0.06603682076538875,False,
2026-04-13T23:08:12Z,attack,0.2072673073091038,False,
2026-04-13T23:08:13Z,attack,0.2072673073091038,False,
2026-04-13T23:08:14Z,attack,0.2072673073091038,False,
2026-04-13T23:08:15Z,attack,0.2072673073091038,False,
2026-04-13T23:08:16Z,attack,0.2072673073091038,False,
2026-04-13T23:08:17Z,attack,0.2072673073091038,False,
2026-04-13T23:08:18Z,attack,0.2072673073091038,False,
2026-04-13T23:08:19Z,attack,0.2072673073091038,False,
2026-04-13T23:08:21Z,attack,0.2072673073091038,False,
2026-04-13T23:08:21Z,attack,0.2072673073091038,False,
2026-04-13T23:08:23Z,attack,0.195406435008034,False,
2026-04-13T23:08:23Z,attack,0.195406435008034,False,
2026-04-13T23:08:25Z,attack,0.195406435008034,False,
2026-04-13T23:08:25Z,attack,0.195406435008034,False,
2026-04-13T23:08:27Z,attack,0.195406435008034,False,
2026-04-13T23:08:27Z,attack,0.195406435008034,False,
2026-04-13T23:08:29Z,attack,0.195406435008034,False,
2026-04-13T23:08:29Z,attack,0.195406435008034,False,
2026-04-13T23:08:31Z,attack,0.195406435008034,False,
2026-04-13T23:08:31Z,attack,0.195406435008034,False,
2026-04-13T23:08:33Z,attack,0.14579987654601084,False,
2026-04-13T23:08:33Z,attack,0.14579987654601084,False,
2026-04-13T23:08:35Z,attack,0.14579987654601084,False,
2026-04-13T23:08:35Z,attack,0.14579987654601084,False,
2026-04-13T23:08:37Z,attack,0.14579987654601084,False,
2026-04-13T23:08:37Z,attack,0.14579987654601084,False,
2026-04-13T23:08:39Z,attack,0.14579987654601084,False,
2026-04-13T23:08:40Z,attack,0.14579987654601084,False,
2026-04-13T23:08:41Z,attack,0.14579987654601084,False,
2026-04-13T23:08:42Z,attack,0.14579987654601084,False,
2026-04-13T23:08:43Z,attack,0.08705464310683451,False,
2026-04-13T23:08:44Z,attack,0.08705464310683451,False,
2026-04-13T23:08:45Z,attack,0.08705464310683451,False,
2026-04-13T23:08:46Z,attack,0.08705464310683451,False,
2026-04-13T23:08:47Z,attack,0.08705464310683451,False,
2026-04-13T23:08:48Z,attack,0.08705464310683451,False,
2026-04-13T23:08:49Z,attack,0.08705464310683451,False,
2026-04-13T23:08:50Z,attack,0.08705464310683451,False,
2026-04-13T23:08:52Z,attack,0.08705464310683451,False,
2026-04-13T23:08:52Z,attack,0.20829930489704662,False,
2026-04-13T23:08:54Z,attack,0.20829930489704662,False,
2026-04-13T23:08:54Z,attack,0.20829930489704662,False,
2026-04-13T23:08:56Z,attack,0.20829930489704662,False,
2026-04-13T23:08:56Z,attack,0.20829930489704662,False,
2026-04-13T23:08:58Z,attack,0.20829930489704662,False,
2026-04-13T23:08:58Z,attack,0.20829930489704662,False,
2026-04-13T23:09:00Z,attack,0.20829930489704662,False,
2026-04-13T23:09:00Z,attack,0.20829930489704662,False,
2026-04-13T23:09:02Z,attack,0.20756814865824696,False,
2026-04-13T23:09:02Z,attack,0.20756814865824696,False,
2026-04-13T23:09:04Z,attack,0.20756814865824696,False,
2026-04-13T23:09:04Z,attack,0.20756814865824696,False,
2026-04-13T23:09:06Z,attack,0.20756814865824696,False,
2026-04-13T23:09:06Z,attack,0.20756814865824696,False,
2026-04-13T23:09:08Z,attack,0.20756814865824696,False,
2026-04-13T23:09:08Z,attack,0.20756814865824696,False,
2026-04-13T23:09:10Z,attack,0.20756814865824696,False,
2026-04-13T23:09:11Z,attack,0.20756814865824696,False,
2026-04-13T23:09:12Z,attack,0.19570178002072908,False,
2026-04-13T23:09:13Z,attack,0.19570178002072908,False,
2026-04-13T23:09:14Z,attack,0.19570178002072908,False,
2026-04-13T23:09:15Z,attack,0.19570178002072908,False,
2026-04-13T23:09:16Z,attack,0.19570178002072908,False,
2026-04-13T23:09:17Z,attack,0.19570178002072908,False,
2026-04-13T23:09:19Z,attack,0.19570178002072908,False,
2026-04-13T23:09:19Z,attack,0.19570178002072908,False,
2026-04-13T23:09:21Z,attack,0.19570178002072908,False,
2026-04-13T23:09:21Z,attack,0.19570178002072908,False,
2026-04-13T23:09:23Z,attack,0.14609048482175266,False,
2026-04-13T23:09:23Z,attack,0.14609048482175266,False,
2026-04-13T23:09:25Z,attack,0.14609048482175266,False,
2026-04-13T23:09:25Z,attack,0.14609048482175266,False,
2026-04-13T23:09:27Z,attack,0.14609048482175266,False,
2026-04-13T23:09:27Z,attack,0.14609048482175266,False,
2026-04-13T23:09:29Z,attack,0.14609048482175266,False,
2026-04-13T23:09:29Z,attack,0.14609048482175266,False,
2026-04-13T23:09:31Z,attack,0.14609048482175266,False,
2026-04-13T23:09:31Z,attack,0.14609048482175266,False,
2026-04-13T23:09:33Z,attack,0.08325063398322516,False,
2026-04-13T23:09:33Z,attack,0.08325063398322516,False,
2026-04-13T23:09:35Z,attack,0.08325063398322516,False,
2026-04-13T23:09:35Z,attack,0.08325063398322516,False,
2026-04-13T23:09:37Z,attack,0.08325063398322516,False,
2026-04-13T23:09:37Z,attack,0.08325063398322516,False,
2026-04-13T23:09:39Z,attack,0.08325063398322516,False,
2026-04-13T23:09:40Z,attack,0.08325063398322516,False,
2026-04-13T23:09:41Z,attack,0.08325063398322516,False,
2026-04-13T23:09:42Z,attack,0.08325063398322516,False,
2026-04-13T23:09:43Z,attack,0.06602746046508198,False,
2026-04-13T23:09:44Z,attack,0.06602746046508198,False,
2026-04-13T23:09:45Z,attack,0.06602746046508198,False,
2026-04-13T23:09:46Z,attack,0.06602746046508198,False,
2026-04-13T23:09:48Z,attack,0.06602746046508198,False,
2026-04-13T23:09:48Z,attack,0.06602746046508198,False,
